-- SEED DATA FOR spotify_db
USE spotify_db;

-- -------------------------------
-- SUBSCRIPTION PLANS
-- -------------------------------

INSERT INTO subscription_plan (plan_id, name, monthly_price_eur, max_devices, offline_available) VALUES
(1, 'Free', 0.00, 1, 0),
(2, 'Premium', 6.99, 3, 1),
(3, 'Family', 10.99, 6, 1);

-- -------------------------------
-- USERS
-- -------------------------------

INSERT INTO user_account (user_id, email, password_hash, display_name, country, birth_date, gender, created_at) VALUES
(1, 'jonas@example.com', 'hash1', 'Jonas', 'LT', '2002-05-10', 'M', NOW()),
(2, 'ugne@example.com', 'hash2', 'Ugnė', 'LT', '2001-11-23', 'F', NOW()),
(3, 'martynas@example.com', 'hash3', 'Martynas', 'LV', '2000-01-15', 'M', NOW()),
(4, 'laura@example.com', 'hash4', 'Laura', 'LT', '1998-03-22', 'F', NOW()),
(5, 'andrius@example.com', 'hash5', 'Andrius', 'LT', '2001-07-14', 'M', NOW()),
(6, 'rasa@example.com', 'hash6', 'Rasa', 'LV', '1999-09-05', 'F', NOW()),
(7, 'vytautas@example.com', 'hash7', 'Vytautas', 'LT', '2000-11-20', 'M', NOW()),
(8, 'kristina@example.com', 'hash8', 'Kristina', 'LT', '2002-01-12', 'F', NOW()),
(9, 'aivaras@example.com', 'hash9', 'Aivaras', 'LV', '2001-05-30', 'M', NOW()),
(10, 'ieva@example.com', 'hash10', 'Ieva', 'LT', '2003-02-17', 'F', NOW()),
(11, 'tadas@example.com', 'hash11', 'Tadas', 'LT', '1997-08-25', 'M', NOW()),
(12, 'dalia@example.com', 'hash12', 'Dalia', 'LV', '2000-12-03', 'F', NOW()),
(13, 'mindaugas@example.com', 'hash13', 'Mindaugas', 'LT', '1999-04-18', 'M', NOW()),
(14, 'vaida@example.com', 'hash14', 'Vaida', 'LT', '2001-10-07', 'F', NOW()),
(15, 'saulius@example.com', 'hash15', 'Saulius', 'LV', '2000-06-11', 'M', NOW());

-- -------------------------------
-- USER SUBSCRIPTIONS
-- -------------------------------

INSERT INTO user_subscription (user_subscription_id, user_id, plan_id, start_date, end_date, status) VALUES
(1, 1, 2, '2024-01-01', NULL, 'active'),
(2, 2, 1, '2024-02-01', NULL, 'active'),
(3, 3, 3, '2024-03-01', NULL, 'active'),
(4, 4, 2, '2024-01-15', NULL, 'active'),
(5, 5, 1, '2024-02-10', NULL, 'active'),
(6, 6, 2, '2024-03-05', NULL, 'active'),
(7, 7, 1, '2024-01-20', NULL, 'active'),
(8, 8, 2, '2024-02-28', NULL, 'active'),
(9, 9, 3, '2024-03-10', NULL, 'active'),
(10, 10, 1, '2024-01-30', NULL, 'active'),
(11, 11, 2, '2024-02-14', NULL, 'active'),
(12, 12, 1, '2024-03-15', NULL, 'active'),
(13, 13, 2, '2024-01-05', NULL, 'active'),
(14, 14, 1, '2024-02-22', NULL, 'active'),
(15, 15, 3, '2024-03-20', NULL, 'active');

-- -------------------------------
-- ARTISTS
-- -------------------------------

INSERT INTO artist (artist_id, name, country, is_band, created_at) VALUES
(1, 'Imagine Dragons', 'US', 1, NOW()),
(2, 'Billie Eilish', 'US', 0, NOW()),
(3, 'The Weeknd', 'CA', 0, NOW()),
(4, 'Ten Walls', 'LT', 0, NOW()),
(5, 'Dua Lipa', 'GB', 0, NOW()),
(6, 'Ed Sheeran', 'GB', 0, NOW()),
(7, 'Arctic Monkeys', 'GB', 1, NOW()),
(8, 'Post Malone', 'US', 0, NOW()),
(9, 'Travis Scott', 'US', 0, NOW()),
(10, 'Ariana Grande', 'US', 0, NOW());

-- -------------------------------
-- ALBUMS
-- -------------------------------

INSERT INTO album (album_id, artist_id, title, release_date, total_tracks, album_type) VALUES
(1, 1, 'Night Visions', '2012-09-04', 12, 'album'),
(2, 2, 'WHEN WE ALL FALL ASLEEP, WHERE DO WE GO?', '2019-03-29', 14, 'album'),
(3, 3, 'After Hours', '2020-03-20', 14, 'album'),
(4, 4, 'Queen', '2015-03-15', 8, 'ep'),
(5, 5, 'Future Nostalgia', '2020-11-27', 11, 'album'),
(6, 6, '÷', '2017-03-03', 12, 'album'),
(7, 7, 'AM', '2013-09-10', 12, 'album'),
(8, 8, 'Hollywood\s Bleeding', '2019-09-06', 12, 'album'),
(9, 9, 'Astroworld', '2018-08-03', 17, 'album'),
(10, 10, 'Positions', '2020-10-30', 14, 'album');

-- -------------------------------
-- TRACKS
-- -------------------------------

INSERT INTO track (track_id, album_id, title, duration_seconds, track_number, explicit) VALUES
(1, 1, 'Radioactive', 186, 1, 0),
(2, 1, 'Demons', 177, 2, 0),
(3, 2, 'bad guy', 194, 2, 1),
(4, 3, 'Blinding Lights', 200, 9, 0),
(5, 4, 'Walking with Elephants', 189, 1, 0),
(6, 5, 'Break My Heart', 203, 3, 0),
(7, 6, 'Shape of You', 236, 4, 0),
(8, 7, 'Do I Wanna Know?', 242, 1, 0),
(9, 8, 'Congratulations', 218, 6, 1),
(10, 9, 'STARGAZING', 186, 1, 1),
(11, 10, 'thank u, next', 209, 5, 0),
(12, 1, 'It\s Time', 179, 4, 0),
(13, 2, 'when we all fall asleep, where do we go?', 156, 1, 0),
(14, 3, 'Heartless', 210, 2, 0),
(15, 5, 'Levitating', 203, 6, 0),
(16, 6, 'Castle on the Hill', 257, 7, 0),
(17, 7, 'Fluorescent Adolescent', 272, 3, 0),
(18, 8, 'Rockstar', 218, 7, 1),
(19, 9, 'SICKO MODE', 312, 3, 1),
(20, 10, 'motive', 246, 10, 1);

-- -------------------------------
-- TRACK – ARTIST (N:N)
-- -------------------------------

INSERT INTO track_artist (track_id, artist_id, role) VALUES
(1, 1, 'primary'),
(2, 1, 'primary'),
(3, 2, 'primary'),
(4, 3, 'primary'),
(5, 4, 'primary'),
(6, 5, 'primary'),
(7, 6, 'primary'),
(8, 7, 'primary'),
(9, 8, 'primary'),
(10, 9, 'primary'),
(11, 10, 'primary'),
(12, 1, 'primary'),
(13, 2, 'primary'),
(14, 3, 'primary'),
(15, 5, 'primary'),
(16, 6, 'primary'),
(17, 7, 'primary'),
(18, 8, 'primary'),
(19, 9, 'primary'),
(20, 10, 'primary');

-- -------------------------------
-- GENRES
-- -------------------------------

INSERT INTO genre (genre_id, name) VALUES
(1, 'Rock'),
(2, 'Pop'),
(3, 'Electronic'),
(4, 'Indie'),
(5, 'Alternative');

-- -------------------------------
-- TRACK – GENRE (N:N)
-- -------------------------------

INSERT INTO track_genre (track_id, genre_id) VALUES
(1, 1),
(2, 1),
(3, 2),
(4, 2),
(5, 3),
(6, 2),
(7, 2),
(8, 4),
(9, 5),
(10, 5),
(11, 2),
(12, 1),
(13, 2),
(14, 2),
(15, 2),
(16, 2),
(17, 4),
(18, 5),
(19, 5),
(20, 2);

-- -------------------------------
-- PLAYLISTS
-- -------------------------------

INSERT INTO playlist (playlist_id, owner_user_id, name, description, is_public, created_at) VALUES
(1, 1, 'Morning Vibes', 'Raminančios dainos rytui', 1, NOW()),
(2, 2, 'Workout', 'Intensyvios treniruočių dainos', 1, NOW()),
(3, 3, 'Rock Classics', 'Geriausi rock kūriniai', 1, NOW()),
(4, 4, 'Deep Focus', 'Susikaupimui skirtinės dainos', 0, NOW()),
(5, 5, 'Party Hits', 'Klubų ir vakarėlių hitai', 1, NOW()),
(6, 6, 'Chill Lounge', 'Atsipalaidavimui skirtos dainos', 1, NOW()),
(7, 7, 'Indie Discovery', 'Alternatyvinės ir indie dainos', 1, NOW()),
(8, 8, 'Late Night Drive', 'Nakties važiavimui', 0, NOW());

-- -------------------------------
-- PLAYLIST TRACKS
-- -------------------------------

INSERT INTO playlist_track (playlist_id, track_id, position, added_by_user_id, added_at) VALUES
(1, 2, 1, 1, NOW()),
(1, 3, 2, 1, NOW()),
(1, 4, 3, 1, NOW()),
(2, 1, 1, 2, NOW()),
(2, 4, 2, 2, NOW()),
(2, 5, 3, 2, NOW()),
(3, 8, 1, 3, NOW()),
(3, 7, 2, 3, NOW()),
(3, 9, 3, 3, NOW()),
(4, 6, 1, 4, NOW()),
(4, 10, 2, 4, NOW()),
(4, 2, 3, 4, NOW()),
(5, 1, 1, 5, NOW()),
(5, 3, 2, 5, NOW()),
(5, 5, 3, 5, NOW()),
(5, 9, 4, 5, NOW()),
(6, 4, 1, 6, NOW()),
(6, 6, 2, 6, NOW()),
(6, 7, 3, 6, NOW()),
(7, 8, 1, 7, NOW()),
(7, 2, 2, 7, NOW()),
(7, 10, 3, 7, NOW()),
(8, 1, 1, 8, NOW()),
(8, 4, 2, 8, NOW()),
(8, 9, 3, 8, NOW());

-- -------------------------------
-- LISTENING SESSIONS
-- -------------------------------

INSERT INTO listening_session (session_id, user_id, device_type, app_version, start_time, end_time) VALUES
(1, 1, 'mobile', '1.0.0', '2024-04-01 08:00:00', '2024-04-01 09:15:00'),
(2, 2, 'desktop', '1.0.1', '2024-04-01 10:30:00', '2024-04-01 11:45:00'),
(3, 3, 'web', '1.0.2', '2024-04-01 14:00:00', '2024-04-01 15:30:00'),
(4, 4, 'tv', '1.0.0', '2024-04-01 19:00:00', '2024-04-01 20:45:00'),
(5, 5, 'mobile', '1.0.1', '2024-04-02 07:30:00', '2024-04-02 08:45:00'),
(6, 6, 'desktop', '1.0.2', '2024-04-02 12:00:00', '2024-04-02 13:30:00'),
(7, 7, 'web', '1.0.0', '2024-04-02 15:30:00', '2024-04-02 16:45:00'),
(8, 8, 'mobile', '1.0.1', '2024-04-02 20:00:00', '2024-04-02 21:30:00'),
(9, 9, 'desktop', '1.0.2', '2024-04-03 08:00:00', '2024-04-03 09:45:00'),
(10, 10, 'web', '1.0.0', '2024-04-03 11:00:00', '2024-04-03 12:30:00'),
(11, 11, 'tv', '1.0.1', '2024-04-03 18:00:00', '2024-04-03 19:45:00'),
(12, 12, 'mobile', '1.0.2', '2024-04-03 21:00:00', '2024-04-03 22:15:00'),
(13, 13, 'desktop', '1.0.0', '2024-04-04 08:30:00', '2024-04-04 10:00:00'),
(14, 14, 'web', '1.0.1', '2024-04-04 13:00:00', '2024-04-04 14:30:00'),
(15, 15, 'mobile', '1.0.2', '2024-04-04 19:30:00', '2024-04-04 20:45:00'),
(16, 1, 'web', '1.0.0', '2024-04-05 09:00:00', '2024-04-05 10:30:00'),
(17, 2, 'mobile', '1.0.1', '2024-04-05 15:00:00', '2024-04-05 16:45:00'),
(18, 3, 'desktop', '1.0.2', '2024-04-05 20:00:00', '2024-04-05 21:30:00'),
(19, 4, 'web', '1.0.0', '2024-04-06 08:00:00', '2024-04-06 09:15:00'),
(20, 5, 'tv', '1.0.1', '2024-04-06 18:00:00', '2024-04-06 19:45:00'),
(21, 6, 'mobile', '1.0.2', '2024-04-06 22:00:00', '2024-04-06 23:15:00'),
(22, 7, 'desktop', '1.0.0', '2024-04-07 08:30:00', '2024-04-07 10:00:00'),
(23, 8, 'web', '1.0.1', '2024-04-07 12:00:00', '2024-04-07 13:45:00'),
(24, 9, 'mobile', '1.0.2', '2024-04-07 16:00:00', '2024-04-07 17:30:00'),
(25, 10, 'desktop', '1.0.0', '2024-04-08 09:00:00', '2024-04-08 10:45:00'),
(26, 11, 'web', '1.0.1', '2024-04-08 14:30:00', '2024-04-08 16:00:00'),
(27, 12, 'tv', '1.0.2', '2024-04-08 19:00:00', '2024-04-08 20:30:00'),
(28, 13, 'mobile', '1.0.0', '2024-04-09 07:30:00', '2024-04-09 09:00:00'),
(29, 14, 'desktop', '1.0.1', '2024-04-09 11:00:00', '2024-04-09 12:30:00'),
(30, 15, 'web', '1.0.2', '2024-04-09 15:00:00', '2024-04-09 16:45:00'),
(31, 1, 'mobile', '1.0.0', '2024-04-10 08:00:00', '2024-04-10 09:30:00'),
(32, 2, 'tv', '1.0.1', '2024-04-10 18:30:00', '2024-04-10 20:00:00'),
(33, 3, 'web', '1.0.2', '2024-04-10 21:00:00', '2024-04-10 22:30:00'),
(34, 4, 'desktop', '1.0.0', '2024-04-11 08:30:00', '2024-04-11 10:15:00'),
(35, 5, 'mobile', '1.0.1', '2024-04-11 14:00:00', '2024-04-11 15:45:00'),
(36, 6, 'web', '1.0.2', '2024-04-11 19:00:00', '2024-04-11 20:30:00'),
(37, 7, 'desktop', '1.0.0', '2024-04-12 09:00:00', '2024-04-12 10:45:00'),
(38, 8, 'tv', '1.0.1', '2024-04-12 17:00:00', '2024-04-12 18:45:00'),
(39, 9, 'mobile', '1.0.2', '2024-04-12 20:30:00', '2024-04-12 21:45:00'),
(40, 10, 'web', '1.0.0', '2024-04-13 08:00:00', '2024-04-13 09:30:00'),
(41, 11, 'desktop', '1.0.1', '2024-04-13 12:30:00', '2024-04-13 14:00:00'),
(42, 12, 'mobile', '1.0.2', '2024-04-13 16:00:00', '2024-04-13 17:45:00'),
(43, 13, 'web', '1.0.0', '2024-04-14 10:00:00', '2024-04-14 11:30:00'),
(44, 14, 'tv', '1.0.1', '2024-04-14 19:00:00', '2024-04-14 20:45:00'),
(45, 15, 'desktop', '1.0.2', '2024-04-14 21:00:00', '2024-04-14 22:30:00'),
(46, 1, 'mobile', '1.0.0', '2024-04-15 07:30:00', '2024-04-15 09:00:00'),
(47, 2, 'web', '1.0.1', '2024-04-15 13:00:00', '2024-04-15 14:45:00'),
(48, 3, 'desktop', '1.0.2', '2024-04-15 18:30:00', '2024-04-15 20:00:00'),
(49, 4, 'mobile', '1.0.0', '2024-04-16 08:00:00', '2024-04-16 09:45:00'),
(50, 5, 'tv', '1.0.1', '2024-04-16 20:00:00', '2024-04-16 21:30:00');

-- -------------------------------
-- LISTENING EVENTS
-- -------------------------------

INSERT INTO listening_event (event_id, session_id, track_id, started_at, listened_ms, is_skipped, source_type) VALUES
(1, 1, 1, '2024-04-01 08:05:00', 180000, 0, 'playlist'),
(2, 1, 4, '2024-04-01 08:08:00', 150000, 1, 'playlist'),
(3, 1, 7, '2024-04-01 08:12:00', 200000, 0, 'search'),
(4, 1, 10, '2024-04-01 08:15:00', 100000, 1, 'radio'),
(5, 1, 2, '2024-04-01 08:18:00', 177000, 0, 'playlist'),
(6, 2, 1, '2024-04-01 10:35:00', 120000, 1, 'search'),
(7, 2, 4, '2024-04-01 10:38:00', 200000, 0, 'playlist'),
(8, 2, 8, '2024-04-01 10:41:00', 189000, 0, 'radio'),
(9, 2, 11, '2024-04-01 10:44:00', 209000, 0, 'playlist'),
(10, 2, 3, '2024-04-01 10:47:00', 194000, 1, 'search'),
(11, 3, 6, '2024-04-01 14:05:00', 203000, 0, 'playlist'),
(12, 3, 9, '2024-04-01 14:08:00', 150000, 1, 'radio'),
(13, 3, 12, '2024-04-01 14:11:00', 179000, 0, 'search'),
(14, 3, 15, '2024-04-01 14:14:00', 203000, 0, 'playlist'),
(15, 3, 5, '2024-04-01 14:17:00', 120000, 1, 'search'),
(16, 4, 2, '2024-04-01 19:05:00', 177000, 0, 'other'),
(17, 4, 7, '2024-04-01 19:08:00', 200000, 1, 'playlist'),
(18, 4, 13, '2024-04-01 19:11:00', 156000, 0, 'search'),
(19, 4, 18, '2024-04-01 19:14:00', 200000, 0, 'radio'),
(20, 4, 20, '2024-04-01 19:17:00', 246000, 0, 'playlist'),
(21, 5, 3, '2024-04-02 07:35:00', 194000, 0, 'search'),
(22, 5, 8, '2024-04-02 07:38:00', 150000, 1, 'playlist'),
(23, 5, 14, '2024-04-02 07:41:00', 210000, 0, 'radio'),
(24, 5, 19, '2024-04-02 07:44:00', 200000, 1, 'search'),
(25, 5, 1, '2024-04-02 07:47:00', 150000, 0, 'playlist'),
(26, 6, 4, '2024-04-02 12:05:00', 200000, 0, 'search'),
(27, 6, 11, '2024-04-02 12:08:00', 200000, 0, 'playlist'),
(28, 6, 16, '2024-04-02 12:11:00', 200000, 1, 'radio'),
(29, 6, 2, '2024-04-02 12:14:00', 177000, 0, 'search'),
(30, 6, 6, '2024-04-02 12:17:00', 203000, 0, 'playlist'),
(31, 7, 5, '2024-04-02 15:35:00', 189000, 1, 'radio'),
(32, 7, 10, '2024-04-02 15:38:00', 180000, 0, 'search'),
(33, 7, 15, '2024-04-02 15:41:00', 200000, 0, 'playlist'),
(34, 7, 3, '2024-04-02 15:44:00', 194000, 0, 'search'),
(35, 7, 9, '2024-04-02 15:47:00', 150000, 1, 'radio'),
(36, 8, 7, '2024-04-02 20:05:00', 200000, 0, 'playlist'),
(37, 8, 12, '2024-04-02 20:08:00', 179000, 0, 'search'),
(38, 8, 17, '2024-04-02 20:11:00', 200000, 1, 'radio'),
(39, 8, 4, '2024-04-02 20:14:00', 200000, 0, 'playlist'),
(40, 8, 20, '2024-04-02 20:17:00', 246000, 0, 'search'),
(41, 9, 1, '2024-04-03 08:05:00', 186000, 0, 'playlist'),
(42, 9, 8, '2024-04-03 08:08:00', 200000, 1, 'search'),
(43, 9, 13, '2024-04-03 08:11:00', 156000, 0, 'radio'),
(44, 9, 18, '2024-04-03 08:14:00', 200000, 0, 'playlist'),
(45, 9, 6, '2024-04-03 08:17:00', 200000, 1, 'search'),
(46, 10, 2, '2024-04-03 11:05:00', 177000, 0, 'search'),
(47, 10, 9, '2024-04-03 11:08:00', 180000, 0, 'playlist'),
(48, 10, 14, '2024-04-03 11:11:00', 210000, 1, 'radio'),
(49, 10, 3, '2024-04-03 11:14:00', 194000, 0, 'search'),
(50, 10, 11, '2024-04-03 11:17:00', 200000, 0, 'playlist'),
(51, 11, 4, '2024-04-03 18:05:00', 200000, 0, 'other'),
(52, 11, 10, '2024-04-03 18:08:00', 186000, 1, 'playlist'),
(53, 11, 15, '2024-04-03 18:11:00', 203000, 0, 'search'),
(54, 11, 5, '2024-04-03 18:14:00', 189000, 0, 'radio'),
(55, 11, 19, '2024-04-03 18:17:00', 200000, 1, 'search'),
(56, 12, 7, '2024-04-03 21:05:00', 200000, 0, 'playlist'),
(57, 12, 12, '2024-04-03 21:08:00', 179000, 0, 'search'),
(58, 12, 20, '2024-04-03 21:11:00', 246000, 1, 'radio'),
(59, 12, 1, '2024-04-03 21:14:00', 186000, 0, 'playlist'),
(60, 12, 6, '2024-04-03 21:17:00', 203000, 0, 'search'),
(61, 13, 3, '2024-04-04 08:35:00', 194000, 0, 'radio'),
(62, 13, 8, '2024-04-04 08:38:00', 200000, 1, 'search'),
(63, 13, 13, '2024-04-04 08:41:00', 156000, 0, 'playlist'),
(64, 13, 18, '2024-04-04 08:44:00', 200000, 0, 'search'),
(65, 13, 2, '2024-04-04 08:47:00', 177000, 1, 'radio'),
(66, 14, 4, '2024-04-04 13:05:00', 200000, 0, 'search'),
(67, 14, 9, '2024-04-04 13:08:00', 180000, 0, 'playlist'),
(68, 14, 14, '2024-04-04 13:11:00', 210000, 1, 'radio'),
(69, 14, 5, '2024-04-04 13:14:00', 189000, 0, 'search'),
(70, 14, 11, '2024-04-04 13:17:00', 200000, 0, 'playlist'),
(71, 15, 7, '2024-04-04 19:35:00', 200000, 0, 'search'),
(72, 15, 12, '2024-04-04 19:38:00', 179000, 1, 'radio'),
(73, 15, 17, '2024-04-04 19:41:00', 200000, 0, 'playlist'),
(74, 15, 6, '2024-04-04 19:44:00', 203000, 0, 'search'),
(75, 15, 20, '2024-04-04 19:47:00', 246000, 1, 'radio'),
(76, 16, 1, '2024-04-05 09:05:00', 186000, 0, 'playlist'),
(77, 16, 10, '2024-04-05 09:08:00', 186000, 1, 'search'),
(78, 16, 15, '2024-04-05 09:11:00', 203000, 0, 'radio'),
(79, 16, 3, '2024-04-05 09:14:00', 194000, 0, 'search'),
(80, 16, 8, '2024-04-05 09:17:00', 200000, 1, 'playlist'),
(81, 17, 2, '2024-04-05 15:05:00', 177000, 0, 'search'),
(82, 17, 4, '2024-04-05 15:08:00', 200000, 0, 'radio'),
(83, 17, 9, '2024-04-05 15:11:00', 180000, 1, 'search'),
(84, 17, 14, '2024-04-05 15:14:00', 210000, 0, 'playlist'),
(85, 17, 19, '2024-04-05 15:17:00', 200000, 0, 'search'),
(86, 18, 5, '2024-04-05 20:05:00', 189000, 0, 'radio'),
(87, 18, 11, '2024-04-05 20:08:00', 200000, 1, 'search'),
(88, 18, 16, '2024-04-05 20:11:00', 200000, 0, 'playlist'),
(89, 18, 7, '2024-04-05 20:14:00', 200000, 0, 'search'),
(90, 18, 12, '2024-04-05 20:17:00', 179000, 1, 'radio'),
(91, 19, 6, '2024-04-06 08:05:00', 203000, 0, 'search'),
(92, 19, 13, '2024-04-06 08:08:00', 156000, 0, 'playlist'),
(93, 19, 18, '2024-04-06 08:11:00', 200000, 1, 'radio'),
(94, 19, 1, '2024-04-06 08:14:00', 186000, 0, 'search'),
(95, 19, 20, '2024-04-06 08:17:00', 246000, 0, 'playlist'),
(96, 20, 3, '2024-04-06 18:05:00', 194000, 0, 'other'),
(97, 20, 8, '2024-04-06 18:08:00', 200000, 1, 'search'),
(98, 20, 17, '2024-04-06 18:11:00', 200000, 0, 'radio'),
(99, 20, 4, '2024-04-06 18:14:00', 200000, 0, 'playlist'),
(100, 20, 15, '2024-04-06 18:17:00', 203000, 1, 'search'),
(101, 21, 10, '2024-04-06 22:05:00', 186000, 0, 'search'),
(102, 21, 14, '2024-04-06 22:08:00', 210000, 0, 'radio'),
(103, 21, 2, '2024-04-06 22:11:00', 177000, 1, 'playlist'),
(104, 21, 9, '2024-04-06 22:14:00', 180000, 0, 'search'),
(105, 21, 19, '2024-04-06 22:17:00', 200000, 0, 'radio'),
(106, 22, 7, '2024-04-07 08:35:00', 200000, 0, 'playlist'),
(107, 22, 12, '2024-04-07 08:38:00', 179000, 1, 'search'),
(108, 22, 5, '2024-04-07 08:41:00', 189000, 0, 'radio'),
(109, 22, 11, '2024-04-07 08:44:00', 200000, 0, 'search'),
(110, 22, 20, '2024-04-07 08:47:00', 246000, 1, 'playlist'),
(111, 23, 1, '2024-04-07 12:05:00', 186000, 0, 'search'),
(112, 23, 6, '2024-04-07 12:08:00', 203000, 0, 'radio'),
(113, 23, 13, '2024-04-07 12:11:00', 156000, 1, 'playlist'),
(114, 23, 18, '2024-04-07 12:14:00', 200000, 0, 'search'),
(115, 23, 3, '2024-04-07 12:17:00', 194000, 0, 'radio'),
(116, 24, 4, '2024-04-07 16:05:00', 200000, 0, 'search'),
(117, 24, 9, '2024-04-07 16:08:00', 180000, 1, 'playlist'),
(118, 24, 14, '2024-04-07 16:11:00', 210000, 0, 'radio'),
(119, 24, 8, '2024-04-07 16:14:00', 200000, 0, 'search'),
(120, 24, 15, '2024-04-07 16:17:00', 203000, 1, 'playlist'),
(121, 25, 2, '2024-04-08 09:05:00', 177000, 0, 'radio'),
(122, 25, 7, '2024-04-08 09:08:00', 200000, 0, 'search'),
(123, 25, 12, '2024-04-08 09:11:00', 179000, 1, 'playlist'),
(124, 25, 17, '2024-04-08 09:14:00', 200000, 0, 'search'),
(125, 25, 10, '2024-04-08 09:17:00', 186000, 0, 'radio'),
(126, 26, 5, '2024-04-08 14:35:00', 189000, 0, 'search'),
(127, 26, 11, '2024-04-08 14:38:00', 200000, 1, 'playlist'),
(128, 26, 16, '2024-04-08 14:41:00', 200000, 0, 'radio'),
(129, 26, 19, '2024-04-08 14:44:00', 200000, 0, 'search'),
(130, 26, 1, '2024-04-08 14:47:00', 186000, 1, 'playlist'),
(131, 27, 4, '2024-04-08 19:05:00', 200000, 0, 'other'),
(132, 27, 9, '2024-04-08 19:08:00', 180000, 0, 'radio'),
(133, 27, 14, '2024-04-08 19:11:00', 210000, 1, 'search'),
(134, 27, 6, '2024-04-08 19:14:00', 203000, 0, 'playlist'),
(135, 27, 13, '2024-04-08 19:17:00', 156000, 0, 'search'),
(136, 28, 3, '2024-04-09 07:35:00', 194000, 0, 'radio'),
(137, 28, 8, '2024-04-09 07:38:00', 200000, 1, 'search'),
(138, 28, 15, '2024-04-09 07:41:00', 203000, 0, 'playlist'),
(139, 28, 20, '2024-04-09 07:44:00', 246000, 0, 'search'),
(140, 28, 7, '2024-04-09 07:47:00', 200000, 1, 'radio'),
(141, 29, 2, '2024-04-09 11:05:00', 177000, 0, 'search'),
(142, 29, 10, '2024-04-09 11:08:00', 186000, 0, 'radio'),
(143, 29, 12, '2024-04-09 11:11:00', 179000, 1, 'playlist'),
(144, 29, 18, '2024-04-09 11:14:00', 200000, 0, 'search'),
(145, 29, 5, '2024-04-09 11:17:00', 189000, 0, 'radio'),
(146, 30, 1, '2024-04-09 15:05:00', 186000, 0, 'search'),
(147, 30, 4, '2024-04-09 15:08:00', 200000, 1, 'playlist'),
(148, 30, 9, '2024-04-09 15:11:00', 180000, 0, 'radio'),
(149, 30, 14, '2024-04-09 15:14:00', 210000, 0, 'search'),
(150, 30, 19, '2024-04-09 15:17:00', 200000, 1, 'radio'),
(151, 31, 6, '2024-04-10 08:05:00', 203000, 0, 'search'),
(152, 31, 11, '2024-04-10 08:08:00', 200000, 0, 'playlist'),
(153, 31, 16, '2024-04-10 08:11:00', 200000, 1, 'radio'),
(154, 31, 3, '2024-04-10 08:14:00', 194000, 0, 'search'),
(155, 31, 13, '2024-04-10 08:17:00', 156000, 0, 'playlist'),
(156, 32, 7, '2024-04-10 18:35:00', 200000, 0, 'other'),
(157, 32, 12, '2024-04-10 18:38:00', 179000, 1, 'radio'),
(158, 32, 17, '2024-04-10 18:41:00', 200000, 0, 'search'),
(159, 32, 2, '2024-04-10 18:44:00', 177000, 0, 'playlist'),
(160, 32, 8, '2024-04-10 18:47:00', 200000, 1, 'search'),
(161, 33, 10, '2024-04-10 21:05:00', 186000, 0, 'radio'),
(162, 33, 15, '2024-04-10 21:08:00', 203000, 0, 'search'),
(163, 33, 20, '2024-04-10 21:11:00', 246000, 1, 'playlist'),
(164, 33, 4, '2024-04-10 21:14:00', 200000, 0, 'search'),
(165, 33, 9, '2024-04-10 21:17:00', 180000, 0, 'radio'),
(166, 34, 5, '2024-04-11 08:35:00', 189000, 0, 'playlist'),
(167, 34, 14, '2024-04-11 08:38:00', 210000, 1, 'search'),
(168, 34, 1, '2024-04-11 08:41:00', 186000, 0, 'radio'),
(169, 34, 19, '2024-04-11 08:44:00', 200000, 0, 'search'),
(170, 34, 6, '2024-04-11 08:47:00', 203000, 1, 'playlist'),
(171, 35, 3, '2024-04-11 14:05:00', 194000, 0, 'search'),
(172, 35, 8, '2024-04-11 14:08:00', 200000, 0, 'radio'),
(173, 35, 13, '2024-04-11 14:11:00', 156000, 1, 'playlist'),
(174, 35, 18, '2024-04-11 14:14:00', 200000, 0, 'search'),
(175, 35, 11, '2024-04-11 14:17:00', 200000, 0, 'radio'),
(176, 36, 2, '2024-04-11 19:05:00', 177000, 0, 'search'),
(177, 36, 7, '2024-04-11 19:08:00', 200000, 1, 'playlist'),
(178, 36, 12, '2024-04-11 19:11:00', 179000, 0, 'radio'),
(179, 36, 17, '2024-04-11 19:14:00', 200000, 0, 'search'),
(180, 36, 10, '2024-04-11 19:17:00', 186000, 1, 'radio'),
(181, 37, 4, '2024-04-12 09:05:00', 200000, 0, 'search'),
(182, 37, 9, '2024-04-12 09:08:00', 180000, 0, 'playlist'),
(183, 37, 14, '2024-04-12 09:11:00', 210000, 1, 'radio'),
(184, 37, 20, '2024-04-12 09:14:00', 246000, 0, 'search'),
(185, 37, 5, '2024-04-12 09:17:00', 189000, 0, 'playlist'),
(186, 38, 1, '2024-04-12 17:05:00', 186000, 0, 'other'),
(187, 38, 6, '2024-04-12 17:08:00', 203000, 1, 'radio'),
(188, 38, 11, '2024-04-12 17:11:00', 200000, 0, 'search'),
(189, 38, 16, '2024-04-12 17:14:00', 200000, 0, 'playlist'),
(190, 38, 19, '2024-04-12 17:17:00', 200000, 1, 'search'),
(191, 39, 3, '2024-04-12 20:35:00', 194000, 0, 'radio'),
(192, 39, 8, '2024-04-12 20:38:00', 200000, 0, 'search'),
(193, 39, 13, '2024-04-12 20:41:00', 156000, 1, 'playlist'),
(194, 39, 18, '2024-04-12 20:44:00', 200000, 0, 'search'),
(195, 39, 2, '2024-04-12 20:47:00', 177000, 0, 'radio'),
(196, 40, 4, '2024-04-13 08:05:00', 200000, 0, 'search'),
(197, 40, 9, '2024-04-13 08:08:00', 180000, 1, 'radio'),
(198, 40, 14, '2024-04-13 08:11:00', 210000, 0, 'playlist'),
(199, 40, 7, '2024-04-13 08:14:00', 200000, 0, 'search'),
(200, 40, 15, '2024-04-13 08:17:00', 203000, 1, 'radio'),
(201, 41, 1, '2024-04-13 12:35:00', 186000, 0, 'search'),
(202, 41, 6, '2024-04-13 12:38:00', 203000, 0, 'playlist'),
(203, 41, 12, '2024-04-13 12:41:00', 179000, 1, 'radio'),
(204, 41, 17, '2024-04-13 12:44:00', 200000, 0, 'search'),
(205, 41, 20, '2024-04-13 12:47:00', 246000, 0, 'radio'),
(206, 42, 3, '2024-04-13 16:05:00', 194000, 0, 'search'),
(207, 42, 8, '2024-04-13 16:08:00', 200000, 1, 'playlist'),
(208, 42, 13, '2024-04-13 16:11:00', 156000, 0, 'radio'),
(209, 42, 10, '2024-04-13 16:14:00', 186000, 0, 'search'),
(210, 42, 5, '2024-04-13 16:17:00', 189000, 1, 'playlist'),
(211, 43, 2, '2024-04-14 10:05:00', 177000, 0, 'radio'),
(212, 43, 4, '2024-04-14 10:08:00', 200000, 0, 'search'),
(213, 43, 9, '2024-04-14 10:11:00', 180000, 1, 'playlist'),
(214, 43, 14, '2024-04-14 10:14:00', 210000, 0, 'search'),
(215, 43, 19, '2024-04-14 10:17:00', 200000, 0, 'radio'),
(216, 44, 7, '2024-04-14 19:05:00', 200000, 0, 'other'),
(217, 44, 12, '2024-04-14 19:08:00', 179000, 1, 'search'),
(218, 44, 17, '2024-04-14 19:11:00', 200000, 0, 'radio'),
(219, 44, 1, '2024-04-14 19:14:00', 186000, 0, 'playlist'),
(220, 44, 11, '2024-04-14 19:17:00', 200000, 1, 'search'),
(221, 45, 6, '2024-04-14 21:05:00', 203000, 0, 'radio'),
(222, 45, 13, '2024-04-14 21:08:00', 156000, 0, 'search'),
(223, 45, 18, '2024-04-14 21:11:00', 200000, 1, 'playlist'),
(224, 45, 3, '2024-04-14 21:14:00', 194000, 0, 'search'),
(225, 45, 8, '2024-04-14 21:17:00', 200000, 0, 'radio'),
(226, 46, 5, '2024-04-15 07:35:00', 189000, 0, 'search'),
(227, 46, 10, '2024-04-15 07:38:00', 186000, 1, 'radio'),
(228, 46, 15, '2024-04-15 07:41:00', 203000, 0, 'playlist'),
(229, 46, 20, '2024-04-15 07:44:00', 246000, 0, 'search'),
(230, 46, 4, '2024-04-15 07:47:00', 200000, 1, 'radio'),
(231, 47, 2, '2024-04-15 13:05:00', 177000, 0, 'search'),
(232, 47, 7, '2024-04-15 13:08:00', 200000, 0, 'playlist'),
(233, 47, 12, '2024-04-15 13:11:00', 179000, 1, 'radio'),
(234, 47, 17, '2024-04-15 13:14:00', 200000, 0, 'search'),
(235, 47, 9, '2024-04-15 13:17:00', 180000, 0, 'playlist'),
(236, 48, 1, '2024-04-15 18:35:00', 186000, 0, 'radio'),
(237, 48, 6, '2024-04-15 18:38:00', 203000, 1, 'search'),
(238, 48, 11, '2024-04-15 18:41:00', 200000, 0, 'playlist'),
(239, 48, 16, '2024-04-15 18:44:00', 200000, 0, 'search'),
(240, 48, 14, '2024-04-15 18:47:00', 210000, 1, 'radio'),
(241, 49, 3, '2024-04-16 08:05:00', 194000, 0, 'search'),
(242, 49, 8, '2024-04-16 08:08:00', 200000, 0, 'radio'),
(243, 49, 13, '2024-04-16 08:11:00', 156000, 1, 'playlist'),
(244, 49, 18, '2024-04-16 08:14:00', 200000, 0, 'search'),
(245, 49, 19, '2024-04-16 08:17:00', 200000, 0, 'radio'),
(246, 50, 4, '2024-04-16 20:05:00', 200000, 0, 'other'),
(247, 50, 9, '2024-04-16 20:08:00', 180000, 1, 'search'),
(248, 50, 14, '2024-04-16 20:11:00', 210000, 0, 'radio'),
(249, 50, 5, '2024-04-16 20:14:00', 189000, 0, 'playlist'),
(250, 50, 10, '2024-04-16 20:17:00', 186000, 1, 'search'),
(251, 1, 2, '2024-04-02 08:20:00', 170000, 0, 'search'),
(252, 2, 5, '2024-04-02 12:20:00', 185000, 1, 'playlist'),
(253, 3, 6, '2024-04-01 15:45:00', 190000, 0, 'radio'),
(254, 4, 11, '2024-04-03 20:30:00', 195000, 0, 'search'),
(255, 5, 16, '2024-04-04 08:50:00', 200000, 1, 'playlist'),
(256, 6, 3, '2024-04-05 13:50:00', 194000, 0, 'search'),
(257, 7, 13, '2024-04-06 16:50:00', 160000, 0, 'radio'),
(258, 8, 18, '2024-04-07 21:50:00', 200000, 1, 'search'),
(259, 9, 1, '2024-04-08 09:50:00', 180000, 0, 'playlist'),
(260, 10, 20, '2024-04-09 12:50:00', 240000, 0, 'radio'),
(261, 11, 7, '2024-04-10 19:50:00', 200000, 1, 'search'),
(262, 12, 12, '2024-04-11 22:50:00', 175000, 0, 'playlist'),
(263, 13, 4, '2024-04-12 10:50:00', 200000, 0, 'search'),
(264, 14, 9, '2024-04-13 14:50:00', 175000, 1, 'radio'),
(265, 15, 15, '2024-04-14 20:50:00', 200000, 0, 'search'),
(266, 16, 2, '2024-04-05 10:40:00', 175000, 0, 'radio'),
(267, 17, 8, '2024-04-06 16:40:00', 200000, 1, 'search'),
(268, 18, 14, '2024-04-07 21:40:00', 210000, 0, 'playlist'),
(269, 19, 10, '2024-04-08 09:40:00', 185000, 0, 'search'),
(270, 20, 6, '2024-04-09 19:40:00', 203000, 1, 'radio'),
(271, 21, 19, '2024-04-07 23:40:00', 195000, 0, 'search'),
(272, 22, 3, '2024-04-08 11:40:00', 192000, 0, 'playlist'),
(273, 23, 11, '2024-04-09 13:40:00', 200000, 1, 'radio'),
(274, 24, 5, '2024-04-08 17:40:00', 188000, 0, 'search'),
(275, 25, 20, '2024-04-09 10:40:00', 245000, 0, 'radio'),
(276, 26, 7, '2024-04-09 15:40:00', 200000, 1, 'search'),
(277, 27, 13, '2024-04-09 20:40:00', 158000, 0, 'playlist'),
(278, 28, 2, '2024-04-10 08:40:00', 177000, 0, 'search'),
(279, 29, 17, '2024-04-10 12:40:00', 200000, 1, 'radio'),
(280, 30, 8, '2024-04-10 16:40:00', 200000, 0, 'search'),
(281, 31, 4, '2024-04-11 09:40:00', 200000, 0, 'playlist'),
(282, 32, 12, '2024-04-12 19:40:00', 180000, 1, 'radio'),
(283, 33, 9, '2024-04-11 22:40:00', 175000, 0, 'search'),
(284, 34, 1, '2024-04-12 09:40:00', 185000, 0, 'radio'),
(285, 35, 15, '2024-04-12 14:40:00', 203000, 1, 'search'),
(286, 36, 6, '2024-04-12 20:40:00', 203000, 0, 'playlist'),
(287, 37, 16, '2024-04-13 10:40:00', 200000, 0, 'search'),
(288, 38, 5, '2024-04-13 18:40:00', 189000, 1, 'radio'),
(289, 39, 14, '2024-04-13 21:40:00', 208000, 0, 'search'),
(290, 40, 11, '2024-04-14 09:40:00', 200000, 0, 'playlist'),
(291, 41, 3, '2024-04-14 13:40:00', 194000, 1, 'search'),
(292, 42, 18, '2024-04-14 17:40:00', 200000, 0, 'radio'),
(293, 43, 7, '2024-04-15 11:40:00', 200000, 0, 'search'),
(294, 44, 20, '2024-04-14 20:40:00', 245000, 1, 'playlist'),
(295, 45, 2, '2024-04-15 22:40:00', 177000, 0, 'radio'),
(296, 46, 10, '2024-04-16 08:40:00', 185000, 0, 'search'),
(297, 47, 12, '2024-04-16 14:40:00', 179000, 1, 'radio'),
(298, 48, 19, '2024-04-16 19:40:00', 200000, 0, 'search'),
(299, 49, 4, '2024-04-16 09:40:00', 200000, 0, 'playlist'),
(300, 50, 15, '2024-04-16 21:40:00', 203000, 1, 'radio'),
(301, 1, 6, '2024-04-03 08:30:00', 203000, 0, 'search'),
(302, 2, 13, '2024-04-04 11:30:00', 156000, 1, 'radio'),
(303, 3, 9, '2024-04-05 15:30:00', 180000, 0, 'search'),
(304, 4, 1, '2024-04-06 20:30:00', 185000, 0, 'playlist'),
(305, 5, 18, '2024-04-07 09:30:00', 200000, 1, 'search'),
(306, 6, 12, '2024-04-08 14:30:00', 179000, 0, 'radio'),
(307, 7, 20, '2024-04-09 17:30:00', 245000, 0, 'search'),
(308, 8, 5, '2024-04-10 22:30:00', 189000, 1, 'playlist'),
(309, 9, 11, '2024-04-11 10:30:00', 200000, 0, 'search'),
(310, 10, 17, '2024-04-12 13:30:00', 200000, 0, 'radio'),
(311, 11, 2, '2024-04-13 19:30:00', 177000, 1, 'search'),
(312, 12, 14, '2024-04-14 23:30:00', 210000, 0, 'playlist'),
(313, 13, 7, '2024-04-15 11:30:00', 200000, 0, 'search'),
(314, 14, 19, '2024-04-16 15:30:00', 200000, 1, 'radio'),
(315, 15, 3, '2024-04-16 21:30:00', 192000, 0, 'search'),
(316, 16, 8, '2024-04-06 10:30:00', 200000, 0, 'radio'),
(317, 17, 16, '2024-04-07 17:30:00', 200000, 1, 'search'),
(318, 18, 4, '2024-04-08 22:30:00', 200000, 0, 'playlist'),
(319, 19, 15, '2024-04-09 10:30:00', 203000, 0, 'search'),
(320, 20, 10, '2024-04-10 20:30:00', 186000, 1, 'radio'),
(321, 21, 1, '2024-04-08 23:30:00', 185000, 0, 'search'),
(322, 22, 13, '2024-04-09 12:30:00', 156000, 0, 'playlist'),
(323, 23, 9, '2024-04-10 14:30:00', 180000, 1, 'radio'),
(324, 24, 6, '2024-04-09 18:30:00', 203000, 0, 'search'),
(325, 25, 18, '2024-04-10 11:30:00', 200000, 0, 'radio'),
(326, 26, 2, '2024-04-10 16:30:00', 177000, 1, 'search'),
(327, 27, 14, '2024-04-10 21:30:00', 210000, 0, 'playlist'),
(328, 28, 7, '2024-04-11 09:30:00', 200000, 0, 'search'),
(329, 29, 20, '2024-04-11 13:30:00', 245000, 1, 'radio'),
(330, 30, 11, '2024-04-11 17:30:00', 200000, 0, 'search'),
(331, 31, 5, '2024-04-12 10:30:00', 189000, 0, 'playlist'),
(332, 32, 17, '2024-04-13 20:30:00', 200000, 1, 'radio'),
(333, 33, 8, '2024-04-12 23:30:00', 200000, 0, 'search'),
(334, 34, 19, '2024-04-13 10:30:00', 200000, 0, 'radio'),
(335, 35, 4, '2024-04-13 15:30:00', 200000, 1, 'search'),
(336, 36, 12, '2024-04-13 21:30:00', 179000, 0, 'playlist'),
(337, 37, 3, '2024-04-14 11:30:00', 194000, 0, 'search'),
(338, 38, 16, '2024-04-14 19:30:00', 200000, 1, 'radio'),
(339, 39, 10, '2024-04-14 22:30:00', 186000, 0, 'search'),
(340, 40, 6, '2024-04-15 10:30:00', 203000, 0, 'playlist'),
(341, 41, 13, '2024-04-15 14:30:00', 156000, 1, 'search'),
(342, 42, 1, '2024-04-15 18:30:00', 185000, 0, 'radio'),
(343, 43, 18, '2024-04-16 12:30:00', 200000, 0, 'search'),
(344, 44, 9, '2024-04-16 16:30:00', 180000, 1, 'radio'),
(345, 45, 14, '2024-04-16 23:30:00', 210000, 0, 'search'),
(346, 46, 7, '2024-04-16 09:30:00', 200000, 0, 'playlist'),
(347, 47, 20, '2024-04-16 15:30:00', 245000, 1, 'radio'),
(348, 48, 11, '2024-04-16 20:30:00', 200000, 0, 'search'),
(349, 49, 2, '2024-04-16 10:30:00', 177000, 0, 'search'),
(350, 50, 5, '2024-04-16 22:30:00', 189000, 1, 'playlist'),
(351, 1, 9, '2024-04-04 08:40:00', 180000, 0, 'radio'),
(352, 2, 6, '2024-04-05 12:40:00', 203000, 1, 'search'),
(353, 3, 15, '2024-04-06 16:40:00', 203000, 0, 'playlist'),
(354, 4, 3, '2024-04-07 21:40:00', 194000, 0, 'search'),
(355, 5, 12, '2024-04-08 10:40:00', 179000, 1, 'radio'),
(356, 6, 20, '2024-04-09 15:40:00', 245000, 0, 'search'),
(357, 7, 4, '2024-04-10 18:40:00', 200000, 0, 'playlist'),
(358, 8, 11, '2024-04-11 23:40:00', 200000, 1, 'radio'),
(359, 9, 17, '2024-04-12 11:40:00', 200000, 0, 'search'),
(360, 10, 2, '2024-04-13 14:40:00', 177000, 0, 'radio'),
(361, 11, 13, '2024-04-14 20:40:00', 156000, 1, 'search'),
(362, 12, 10, '2024-04-15 00:40:00', 186000, 0, 'playlist'),
(363, 13, 1, '2024-04-16 12:40:00', 185000, 0, 'search'),
(364, 14, 19, '2024-04-16 16:40:00', 200000, 1, 'radio'),
(365, 15, 8, '2024-04-16 22:40:00', 200000, 0, 'search'),
(366, 16, 14, '2024-04-07 11:40:00', 210000, 0, 'search'),
(367, 17, 5, '2024-04-08 18:40:00', 189000, 1, 'radio'),
(368, 18, 16, '2024-04-09 23:40:00', 200000, 0, 'playlist'),
(369, 19, 7, '2024-04-10 11:40:00', 200000, 0, 'search'),
(370, 20, 18, '2024-04-11 21:40:00', 200000, 1, 'radio'),
(371, 21, 9, '2024-04-09 00:40:00', 180000, 0, 'search'),
(372, 22, 20, '2024-04-10 13:40:00', 245000, 0, 'playlist'),
(373, 23, 6, '2024-04-11 15:40:00', 203000, 1, 'radio'),
(374, 24, 12, '2024-04-10 19:40:00', 179000, 0, 'search'),
(375, 25, 1, '2024-04-11 12:40:00', 185000, 0, 'radio'),
(376, 26, 13, '2024-04-11 17:40:00', 156000, 1, 'search'),
(377, 27, 3, '2024-04-11 22:40:00', 194000, 0, 'playlist'),
(378, 28, 11, '2024-04-12 10:40:00', 200000, 0, 'search'),
(379, 29, 4, '2024-04-12 14:40:00', 200000, 1, 'radio'),
(380, 30, 15, '2024-04-12 18:40:00', 203000, 0, 'search'),
(381, 31, 19, '2024-04-13 11:40:00', 200000, 0, 'playlist'),
(382, 32, 10, '2024-04-14 21:40:00', 186000, 1, 'search'),
(383, 33, 2, '2024-04-13 00:40:00', 177000, 0, 'radio'),
(384, 34, 14, '2024-04-13 11:40:00', 210000, 0, 'search'),
(385, 35, 8, '2024-04-13 16:40:00', 200000, 1, 'radio'),
(386, 36, 5, '2024-04-13 22:40:00', 189000, 0, 'search'),
(387, 37, 18, '2024-04-14 12:40:00', 200000, 0, 'playlist'),
(388, 38, 9, '2024-04-14 20:40:00', 180000, 1, 'radio'),
(389, 39, 20, '2024-04-14 23:40:00', 245000, 0, 'search'),
(390, 40, 3, '2024-04-15 11:40:00', 194000, 0, 'radio'),
(391, 41, 16, '2024-04-15 15:40:00', 200000, 1, 'search'),
(392, 42, 7, '2024-04-15 19:40:00', 200000, 0, 'playlist'),
(393, 43, 12, '2024-04-16 13:40:00', 179000, 0, 'search'),
(394, 44, 4, '2024-04-16 17:40:00', 200000, 1, 'radio'),
(395, 45, 11, '2024-04-16 00:40:00', 200000, 0, 'search'),
(396, 46, 17, '2024-04-16 10:40:00', 200000, 0, 'radio'),
(397, 47, 1, '2024-04-16 16:40:00', 185000, 1, 'search'),
(398, 48, 15, '2024-04-16 21:40:00', 203000, 0, 'playlist'),
(399, 49, 6, '2024-04-16 11:40:00', 203000, 0, 'search'),
(400, 50, 13, '2024-04-16 23:40:00', 156000, 1, 'radio');

-- -------------------------------
-- USER LIKED TRACKS
-- -------------------------------

INSERT INTO user_liked_track (user_id, track_id, liked_at) VALUES
(1, 4, NOW()),
(1, 2, NOW()),
(1, 7, NOW()),
(1, 13, NOW()),
(2, 1, NOW()),
(2, 8, NOW()),
(3, 3, NOW()),
(3, 9, NOW()),
(4, 6, NOW()),
(4, 11, NOW()),
(5, 4, NOW()),
(5, 14, NOW()),
(6, 12, NOW()),
(7, 7, NOW()),
(8, 16, NOW()),
(9, 2, NOW()),
(10, 5, NOW()),
(11, 10, NOW()),
(12, 18, NOW()),
(13, 20, NOW());

-- -------------------------------
-- USER LIKED ALBUMS
-- -------------------------------

INSERT INTO user_liked_album (user_id, album_id, liked_at) VALUES
(1, 1, NOW()),
(1, 3, NOW()),
(1, 5, NOW()),
(2, 2, NOW()),
(2, 6, NOW()),
(3, 1, NOW()),
(3, 4, NOW()),
(4, 3, NOW()),
(4, 7, NOW()),
(5, 2, NOW()),
(6, 8, NOW()),
(7, 6, NOW()),
(8, 9, NOW()),
(9, 10, NOW()),
(10, 1, NOW());

-- -------------------------------
-- USER FOLLOW ARTISTS
-- -------------------------------

INSERT INTO user_follow_artist (user_id, artist_id, followed_at) VALUES
(1, 1, NOW()),
(1, 3, NOW()),
(1, 5, NOW()),
(2, 2, NOW()),
(2, 4, NOW()),
(3, 4, NOW()),
(3, 6, NOW()),
(4, 1, NOW()),
(4, 7, NOW()),
(5, 3, NOW()),
(6, 8, NOW()),
(7, 2, NOW()),
(8, 9, NOW()),
(9, 10, NOW()),
(10, 1, NOW()),
(11, 5, NOW()),
(12, 3, NOW()),
(13, 8, NOW()),
(14, 6, NOW()),
(15, 9, NOW());

-- -------------------------------
-- USER FOLLOW PLAYLISTS
-- -------------------------------

INSERT INTO user_follow_playlist (user_id, playlist_id, followed_at) VALUES
(2, 1, NOW()),
(3, 1, NOW()),
(3, 2, NOW()),
(4, 1, NOW()),
(4, 3, NOW()),
(5, 2, NOW()),
(5, 5, NOW()),
(6, 1, NOW()),
(6, 6, NOW()),
(7, 2, NOW()),
(7, 3, NOW()),
(8, 1, NOW()),
(8, 4, NOW()),
(9, 1, NOW()),
(9, 5, NOW()),
(10, 2, NOW()),
(10, 6, NOW()),
(1, 3, NOW()),
(2, 7, NOW()),
(3, 8, NOW()),
(4, 6, NOW()),
(5, 7, NOW()),
(6, 4, NOW()),
(7, 5, NOW()),
(8, 6, NOW());
